{
    "id": "5bc618728c5feb9f317423c6",
    "database": "slack",
    "collection": "channels",
    "filters": [
        {
            "name": "filter 1",
            "query": {},
            "apply_when": {}
        }
    ],
    "roles": [
        {
            "name": "default",
            "apply_when": {},
            "write": true,
            "insert": true,
            "delete": true,
            "additional_fields": {}
        }
    ],
    "schema": {
        "properties": {
            "_id": {
                "bsonType": "objectId"
            }
        }
    }
}
