{
    "id": "5bc635c4dee4b2b57c7983d0",
    "database": "tinyslack",
    "collection": "users",
    "roles": [
        {
            "name": "owner",
            "apply_when": {
                "userId": "%%user.id"
            },
            "read": true,
            "write": true,
            "insert": true,
            "delete": true,
            "additional_fields": {}
        }
    ],
    "schema": {
        "properties": {
            "_id": {
                "bsonType": "objectId"
            },
            "userId": {
                "bsonType": "string"
            }
        }
    }
}
